,Area,Area_leaf,Ei,Ei_leaf,clear_sky,daydate,density,incli_base,incli_top,infl,isolated,latitude,lm_slp,phyllotactic_angle,phyllotactic_deviation,plant_area,plant_height,rmax,skew,stage,w0_slp,wl_slp
0,0.4581670468,0.3941961723,0.208968324143,0.234252887374,1.0,1975-07-18,10.0,86.25,23.0,40.0,0.0,43.0,-0.02,233.87,25.5,4000.0,140.0,0.575,0.1,16.0,0.007,0.00595
1,0.458166767,0.3941959299,0.207889935977,0.233174330937,1.0,1975-07-18,10.0,86.25,23.0,40.0,0.0,43.0,-0.02,233.87,34.5,4000.0,140.0,0.575,0.1,16.0,0.007,0.00595
2,0.4581672071,0.3941962973,0.205932229853,0.231169487397,1.0,1975-07-18,10.0,86.25,23.0,40.0,0.0,43.0,-0.02,233.87,34.5,4000.0,140.0,0.575,0.1,16.0,0.007,0.00805
3,0.4580643465,0.3940934331,0.205054830854,0.229701703184,1.0,1975-07-18,10.0,86.25,17.0,40.0,0.0,43.0,-0.02,233.87,34.5,4000.0,140.0,0.575,0.1,16.0,0.007,0.00805
4,0.4580644504,0.3940934915,0.21303060894,0.236399386936,1.0,1975-07-18,10.0,86.25,17.0,40.0,0.0,43.0,-0.02,179.9,34.5,4000.0,140.0,0.575,0.1,16.0,0.007,0.00805
5,0.4580459423,0.3940753269,0.212603016197,0.236094345779,1.0,1975-07-18,10.0,86.25,17.0,40.0,0.0,43.0,-0.02,179.9,34.5,4000.0,140.0,0.575,0.13,16.0,0.007,0.00805
6,0.4571426261,0.3931718782,0.209282017782,0.233806902193,1.0,1975-07-18,10.0,86.25,17.0,28.0,0.0,43.0,-0.02,179.9,34.5,4000.0,140.0,0.575,0.13,16.0,0.007,0.00805
7,0.4574471623,0.3934763554,0.211918028838,0.236450538031,1.0,1975-07-18,10.0,63.75,17.0,28.0,0.0,43.0,-0.02,179.9,34.5,4000.0,140.0,0.575,0.13,16.0,0.007,0.00805
8,0.4574483582,0.3934773938,0.211390815584,0.235875629704,1.0,1975-07-18,10.0,63.75,17.0,28.0,0.0,43.0,-0.02,179.9,34.5,4000.0,140.0,0.575,0.13,16.0,0.01,0.00805
9,0.4571761561,0.3932053275,0.209656095045,0.230088524014,1.0,1975-07-18,10.0,63.75,17.0,28.0,0.0,43.0,-0.02,179.9,34.5,4000.0,140.0,0.425,0.13,16.0,0.01,0.00805
10,0.4574536346,0.393483044,0.210395358577,0.230872687784,1.0,1975-07-18,10.0,63.75,17.0,28.0,0.0,43.0,-0.014,179.9,34.5,4000.0,140.0,0.425,0.13,16.0,0.01,0.00805
11,0.4824869113,0.3934829986,0.199770334645,0.224833172389,1.0,1975-07-18,10.0,63.75,17.0,28.0,0.0,43.0,-0.014,179.9,34.5,4000.0,200.0,0.425,0.13,16.0,0.01,0.00805
12,0.4948547049,0.3933302618,0.198647705183,0.227879631659,1.0,1975-07-18,10.0,63.75,17.0,28.0,0.0,43.0,-0.017,179.9,34.5,4000.0,230.0,0.5,0.1,16.0,0.007,0.0049
13,0.4948558224,0.3933316179,0.197298006493,0.227192636997,1.0,1975-07-18,10.0,63.75,17.0,28.0,0.0,43.0,-0.017,179.9,34.5,4000.0,230.0,0.5,0.1,16.0,0.007,0.007
14,0.4966747483,0.3951502852,0.198526758917,0.225666014794,1.0,1975-07-18,10.0,63.75,17.0,40.0,0.0,43.0,-0.017,179.9,34.5,4000.0,230.0,0.5,0.1,16.0,0.007,0.007
15,0.4964015745,0.3948773716,0.199494737603,0.217828791423,1.0,1975-07-18,10.0,63.75,17.0,40.0,0.0,43.0,-0.017,179.9,34.5,4000.0,230.0,0.35,0.1,16.0,0.007,0.007
16,0.4963763144,0.3948519605,0.199141103197,0.216840473106,1.0,1975-07-18,10.0,63.75,17.0,40.0,0.0,43.0,-0.017,179.9,34.5,4000.0,230.0,0.35,0.07,16.0,0.007,0.007
17,0.4950153228,0.3934910573,0.197822859475,0.21566541875,1.0,1975-07-18,10.0,86.25,17.0,40.0,0.0,43.0,-0.017,179.9,34.5,4000.0,230.0,0.35,0.07,16.0,0.007,0.007
18,0.4950154288,0.3934911454,0.198192070672,0.21586729031,1.0,1975-07-18,10.0,86.25,17.0,40.0,0.0,43.0,-0.017,179.9,25.5,4000.0,230.0,0.35,0.07,16.0,0.007,0.007
19,0.4950996495,0.3935753661,0.197375949013,0.215608520736,1.0,1975-07-18,10.0,86.25,23.0,40.0,0.0,43.0,-0.017,179.9,25.5,4000.0,230.0,0.35,0.07,16.0,0.007,0.007
20,0.4950894812,0.3935650808,0.197260596633,0.215717037583,1.0,1975-07-18,10.0,86.25,23.0,40.0,0.0,43.0,-0.017,179.9,25.5,4000.0,230.0,0.35,0.07,16.0,0.01,0.007
21,0.4945022472,0.3929777667,0.197465707383,0.216693191843,1.0,1975-07-18,10.0,86.25,23.0,40.0,0.0,43.0,-0.023,179.9,25.5,4000.0,230.0,0.35,0.07,16.0,0.01,0.007
22,0.4694638397,0.3929777118,0.207175603797,0.223356008376,1.0,1975-07-18,10.0,86.25,23.0,40.0,0.0,43.0,-0.023,179.9,25.5,4000.0,170.0,0.35,0.07,16.0,0.01,0.007
23,0.4694638199,0.3929776887,0.200528623044,0.218357483751,1.0,1975-07-18,10.0,86.25,23.0,40.0,0.0,43.0,-0.023,233.87,25.5,4000.0,170.0,0.35,0.07,16.0,0.01,0.007
24,0.4821773131,0.3931731304,0.196851221171,0.22394429093,1.0,1975-07-18,10.0,97.5,26.0,40.0,0.0,43.0,-0.02,125.93,30.0,4000.0,200.0,0.5,0.07,16.0,0.007,0.00805
25,0.4821849466,0.3931808058,0.197262234396,0.224747556995,1.0,1975-07-18,10.0,97.5,26.0,40.0,0.0,43.0,-0.02,125.93,30.0,4000.0,200.0,0.5,0.1,16.0,0.007,0.00805
26,0.4820765478,0.3930723697,0.19730736434,0.224908026884,1.0,1975-07-18,10.0,97.5,26.0,40.0,0.0,43.0,-0.026,125.93,30.0,4000.0,200.0,0.5,0.1,16.0,0.007,0.00805
27,0.4823550575,0.3933509813,0.200162237108,0.232954327796,1.0,1975-07-18,10.0,97.5,26.0,40.0,0.0,43.0,-0.026,125.93,30.0,4000.0,200.0,0.65,0.1,16.0,0.007,0.00805
28,0.4830113837,0.3940073616,0.200727654362,0.232392312702,1.0,1975-07-18,10.0,97.5,26.0,52.0,0.0,43.0,-0.026,125.93,30.0,4000.0,200.0,0.65,0.1,16.0,0.007,0.00805
29,0.4830112583,0.3940072215,0.204053364742,0.236310616533,1.0,1975-07-18,10.0,97.5,26.0,52.0,0.0,43.0,-0.026,179.9,30.0,4000.0,200.0,0.65,0.1,16.0,0.007,0.00805
30,0.4835069581,0.3945026179,0.202957306868,0.235213978661,1.0,1975-07-18,10.0,97.5,26.0,52.0,0.0,43.0,-0.026,179.9,30.0,4000.0,200.0,0.65,0.1,16.0,0.01,0.00805
31,0.4584739124,0.394502976,0.214274083476,0.239737451393,1.0,1975-07-18,10.0,97.5,26.0,52.0,0.0,43.0,-0.026,179.9,30.0,4000.0,140.0,0.65,0.1,16.0,0.01,0.00805
32,0.4588199043,0.3948491177,0.213723638009,0.238823447697,1.0,1975-07-18,10.0,75.0,26.0,52.0,0.0,43.0,-0.026,179.9,30.0,4000.0,140.0,0.65,0.1,16.0,0.01,0.00805
33,0.4588197267,0.3948487729,0.21502057507,0.240087187011,1.0,1975-07-18,10.0,75.0,26.0,52.0,0.0,43.0,-0.026,179.9,30.0,4000.0,140.0,0.65,0.1,16.0,0.01,0.00595
34,0.4588505568,0.394879603,0.213178145319,0.236819447343,1.0,1975-07-18,10.0,75.0,20.0,52.0,0.0,43.0,-0.026,179.9,30.0,4000.0,140.0,0.65,0.1,16.0,0.01,0.00595
35,0.4588506456,0.3948796818,0.212930790724,0.236058873137,1.0,1975-07-18,10.0,75.0,20.0,52.0,0.0,43.0,-0.026,179.9,21.0,4000.0,140.0,0.65,0.1,16.0,0.01,0.00595
36,0.483319445,0.3943152299,0.203258548501,0.228699736263,1.0,1975-07-18,10.0,86.25,14.0,46.0,0.0,43.0,-0.026,179.9,30.0,4000.0,200.0,0.5,0.1,16.0,0.01,0.007
37,0.4824550728,0.393450815,0.201513843278,0.228665204529,1.0,1975-07-18,10.0,86.25,14.0,34.0,0.0,43.0,-0.026,179.9,30.0,4000.0,200.0,0.5,0.1,16.0,0.01,0.007
38,0.4822537903,0.3932495325,0.201750678734,0.229727634016,1.0,1975-07-18,10.0,86.25,20.0,34.0,0.0,43.0,-0.026,179.9,30.0,4000.0,200.0,0.5,0.1,16.0,0.01,0.007
39,0.4572206982,0.3932497653,0.211597465338,0.233219746027,1.0,1975-07-18,10.0,86.25,20.0,34.0,0.0,43.0,-0.026,179.9,30.0,4000.0,140.0,0.5,0.1,16.0,0.01,0.007
40,0.4576878002,0.3937172518,0.214258778285,0.235934805789,1.0,1975-07-18,10.0,63.75,20.0,34.0,0.0,43.0,-0.026,179.9,30.0,4000.0,140.0,0.5,0.1,16.0,0.01,0.007
41,0.4576879118,0.3937173374,0.212869683276,0.235256767775,1.0,1975-07-18,10.0,63.75,20.0,34.0,0.0,43.0,-0.026,179.9,39.0,4000.0,140.0,0.5,0.1,16.0,0.01,0.007
42,0.4574055158,0.3934347622,0.211956674652,0.228961974294,1.0,1975-07-18,10.0,63.75,20.0,34.0,0.0,43.0,-0.026,179.9,39.0,4000.0,140.0,0.35,0.1,16.0,0.01,0.007
43,0.457405232,0.393434574,0.21422581309,0.23113702959,1.0,1975-07-18,10.0,63.75,20.0,34.0,0.0,43.0,-0.026,179.9,39.0,4000.0,140.0,0.35,0.1,16.0,0.01,0.0049
44,0.4574054856,0.3934348473,0.205059880023,0.222842795065,1.0,1975-07-18,10.0,63.75,20.0,34.0,0.0,43.0,-0.026,233.87,39.0,4000.0,140.0,0.35,0.1,16.0,0.01,0.0049
45,0.457454806,0.3934838457,0.205287183048,0.22306270868,1.0,1975-07-18,10.0,63.75,20.0,34.0,0.0,43.0,-0.026,233.87,39.0,4000.0,140.0,0.35,0.1,16.0,0.013,0.0049
46,0.4574825643,0.3935118968,0.204462759773,0.22295077179,1.0,1975-07-18,10.0,63.75,20.0,34.0,0.0,43.0,-0.026,233.87,39.0,4000.0,140.0,0.35,0.13,16.0,0.013,0.0049
47,0.4578063579,0.3938356558,0.204758678807,0.223351124347,1.0,1975-07-18,10.0,63.75,20.0,34.0,0.0,43.0,-0.02,233.87,39.0,4000.0,140.0,0.35,0.13,16.0,0.013,0.0049
48,0.4834223164,0.3944178938,0.200367229128,0.225059898484,1.0,1975-07-18,10.0,75.0,23.0,46.0,0.0,43.0,-0.02,125.93,21.0,4000.0,200.0,0.425,0.1,16.0,0.0085,0.007
49,0.4834223652,0.3944179694,0.200786446309,0.225164962381,1.0,1975-07-18,10.0,75.0,23.0,46.0,0.0,43.0,-0.02,125.93,30.0,4000.0,200.0,0.425,0.1,16.0,0.0085,0.007
50,0.4823905752,0.3933865351,0.197106668697,0.221708122742,1.0,1975-07-18,10.0,75.0,23.0,34.0,0.0,43.0,-0.02,125.93,30.0,4000.0,200.0,0.425,0.1,16.0,0.0085,0.007
51,0.4573574975,0.39338676,0.202145372098,0.22337307629,1.0,1975-07-18,10.0,75.0,23.0,34.0,0.0,43.0,-0.02,125.93,30.0,4000.0,140.0,0.425,0.1,16.0,0.0085,0.007
52,0.4574030118,0.3934322828,0.201945340881,0.223216652149,1.0,1975-07-18,10.0,75.0,23.0,34.0,0.0,43.0,-0.02,125.93,30.0,4000.0,140.0,0.425,0.1,16.0,0.0115,0.007
53,0.4573708966,0.3934003292,0.20144192759,0.222056273432,1.0,1975-07-18,10.0,75.0,23.0,34.0,0.0,43.0,-0.02,125.93,30.0,4000.0,140.0,0.425,0.07,16.0,0.0115,0.007
54,0.4576396857,0.393668895,0.207799015099,0.233730110261,1.0,1975-07-18,10.0,75.0,23.0,34.0,0.0,43.0,-0.02,125.93,30.0,4000.0,140.0,0.575,0.07,16.0,0.0115,0.007
55,0.4583675071,0.3943966906,0.208616094824,0.234786627785,1.0,1975-07-18,10.0,52.5,23.0,34.0,0.0,43.0,-0.02,125.93,30.0,4000.0,140.0,0.575,0.07,16.0,0.0115,0.007
56,0.4583675619,0.3943968547,0.206295434063,0.232301058241,1.0,1975-07-18,10.0,52.5,23.0,34.0,0.0,43.0,-0.02,125.93,30.0,4000.0,140.0,0.575,0.07,16.0,0.0115,0.0091
57,0.4583674577,0.3943967443,0.214693658718,0.238886821778,1.0,1975-07-18,10.0,52.5,23.0,34.0,0.0,43.0,-0.02,179.9,30.0,4000.0,140.0,0.575,0.07,16.0,0.0115,0.0091
58,0.4585257437,0.3945550303,0.213600757086,0.237224143744,1.0,1975-07-18,10.0,52.5,17.0,34.0,0.0,43.0,-0.02,179.9,30.0,4000.0,140.0,0.575,0.07,16.0,0.0115,0.0091
59,0.4582865297,0.3943158477,0.21327398117,0.236821152846,1.0,1975-07-18,10.0,52.5,17.0,34.0,0.0,43.0,-0.026,179.9,30.0,4000.0,140.0,0.575,0.07,16.0,0.0115,0.0091
60,0.4835423759,0.3945381231,0.202116537199,0.227463097946,1.0,1975-07-18,10.0,86.25,26.0,52.0,0.0,43.0,-0.017,152.915,34.5,4000.0,200.0,0.425,0.1,16.0,0.0115,0.0049
61,0.4835417954,0.3945378255,0.201762681306,0.227584219252,1.0,1975-07-18,10.0,86.25,26.0,52.0,0.0,43.0,-0.017,152.915,34.5,4000.0,200.0,0.425,0.1,16.0,0.0115,0.007
62,0.4835421476,0.3945381624,0.197121940302,0.223208337758,1.0,1975-07-18,10.0,86.25,26.0,52.0,0.0,43.0,-0.017,206.885,34.5,4000.0,200.0,0.425,0.1,16.0,0.0115,0.007
63,0.5085829343,0.3945380932,0.186593835325,0.214289082256,1.0,1975-07-18,10.0,86.25,26.0,52.0,0.0,43.0,-0.017,206.885,34.5,4000.0,260.0,0.425,0.1,16.0,0.0115,0.007
64,0.5082034032,0.3941581725,0.187088141205,0.214654382923,1.0,1975-07-18,10.0,86.25,26.0,52.0,0.0,43.0,-0.023,206.885,34.5,4000.0,260.0,0.425,0.1,16.0,0.0115,0.007
65,0.5086121148,0.3945668841,0.186595842041,0.213056235081,1.0,1975-07-18,10.0,86.25,20.0,52.0,0.0,43.0,-0.023,206.885,34.5,4000.0,260.0,0.425,0.1,16.0,0.0115,0.007
66,0.5084517033,0.3944066801,0.18718045988,0.213746537042,1.0,1975-07-18,10.0,86.25,20.0,52.0,0.0,43.0,-0.023,206.885,34.5,4000.0,260.0,0.425,0.1,16.0,0.0085,0.007
67,0.5087201741,0.3946752397,0.185595939228,0.218029707374,1.0,1975-07-18,10.0,86.25,20.0,52.0,0.0,43.0,-0.023,206.885,34.5,4000.0,260.0,0.575,0.1,16.0,0.0085,0.007
68,0.5087200358,0.3946752795,0.186246484759,0.218657380246,1.0,1975-07-18,10.0,86.25,20.0,52.0,0.0,43.0,-0.023,206.885,25.5,4000.0,260.0,0.575,0.1,16.0,0.0085,0.007
69,0.5094380132,0.3953936683,0.186943376086,0.218386243158,1.0,1975-07-18,10.0,63.75,20.0,52.0,0.0,43.0,-0.023,206.885,25.5,4000.0,260.0,0.575,0.1,16.0,0.0085,0.007
70,0.5094454103,0.3954008488,0.187277922847,0.218581898374,1.0,1975-07-18,10.0,63.75,20.0,52.0,0.0,43.0,-0.023,206.885,25.5,4000.0,260.0,0.575,0.07,16.0,0.0085,0.007
71,0.5084628066,0.3944179849,0.187992267465,0.222220171538,1.0,1975-07-18,10.0,63.75,20.0,40.0,0.0,43.0,-0.023,206.885,25.5,4000.0,260.0,0.575,0.07,16.0,0.0085,0.007
72,0.4829824908,0.3939785945,0.196820562084,0.220384372448,1.0,1975-07-18,10.0,97.5,14.0,40.0,0.0,43.0,-0.014,125.93,39.0,4000.0,200.0,0.425,0.115,16.0,0.01,0.007
73,0.4833022229,0.3942980086,0.198398494216,0.226949941208,1.0,1975-07-18,10.0,97.5,14.0,40.0,0.0,43.0,-0.014,125.93,39.0,4000.0,200.0,0.575,0.115,16.0,0.01,0.007
74,0.4823925492,0.3933883642,0.197050252648,0.226282625417,1.0,1975-07-18,10.0,97.5,14.0,28.0,0.0,43.0,-0.014,125.93,39.0,4000.0,200.0,0.575,0.115,16.0,0.01,0.007
75,0.4823912624,0.3933872702,0.198497527304,0.227416872859,1.0,1975-07-18,10.0,97.5,14.0,28.0,0.0,43.0,-0.014,125.93,39.0,4000.0,200.0,0.575,0.115,16.0,0.01,0.0049
76,0.4824880889,0.3934840967,0.198060169118,0.227599555271,1.0,1975-07-18,10.0,97.5,20.0,28.0,0.0,43.0,-0.014,125.93,39.0,4000.0,200.0,0.575,0.115,16.0,0.01,0.0049
77,0.4821929915,0.3931887777,0.198457132602,0.228227117585,1.0,1975-07-18,10.0,97.5,20.0,28.0,0.0,43.0,-0.02,125.93,39.0,4000.0,200.0,0.575,0.115,16.0,0.01,0.0049
78,0.4821927107,0.3931888135,0.198641761735,0.228375345114,1.0,1975-07-18,10.0,97.5,20.0,28.0,0.0,43.0,-0.02,125.93,39.0,4000.0,200.0,0.575,0.085,16.0,0.01,0.0049
79,0.5072336325,0.3931889197,0.189168246592,0.222499872788,1.0,1975-07-18,10.0,97.5,20.0,28.0,0.0,43.0,-0.02,125.93,39.0,4000.0,260.0,0.575,0.085,16.0,0.01,0.0049
80,0.5074547521,0.3934099487,0.188763780552,0.222165068864,1.0,1975-07-18,10.0,97.5,20.0,28.0,0.0,43.0,-0.02,125.93,39.0,4000.0,260.0,0.575,0.085,16.0,0.013,0.0049
81,0.5074544996,0.3934096818,0.1885425336,0.221964201435,1.0,1975-07-18,10.0,97.5,20.0,28.0,0.0,43.0,-0.02,125.93,30.0,4000.0,260.0,0.575,0.085,16.0,0.013,0.0049
82,0.5074544196,0.3934096922,0.191620548716,0.226869499704,1.0,1975-07-18,10.0,97.5,20.0,28.0,0.0,43.0,-0.02,179.9,30.0,4000.0,260.0,0.575,0.085,16.0,0.013,0.0049
83,0.5077386386,0.3936938605,0.192874533305,0.228334476525,1.0,1975-07-18,10.0,75.0,20.0,28.0,0.0,43.0,-0.02,179.9,30.0,4000.0,260.0,0.575,0.085,16.0,0.013,0.0049
84,0.4829601563,0.3939560899,0.191927617816,0.224430727653,1.0,1975-07-18,10.0,86.25,26.0,40.0,0.0,43.0,-0.02,206.885,30.0,4000.0,200.0,0.575,0.1,16.0,0.0115,0.0091
85,0.4829605133,0.3939564362,0.193211333309,0.225908010117,1.0,1975-07-18,10.0,86.25,26.0,40.0,0.0,43.0,-0.02,206.885,30.0,4000.0,200.0,0.575,0.1,16.0,0.0115,0.007
86,0.4829604194,0.3939563169,0.196645290282,0.230207287065,1.0,1975-07-18,10.0,86.25,26.0,40.0,0.0,43.0,-0.02,152.915,30.0,4000.0,200.0,0.575,0.1,16.0,0.0115,0.007
87,0.4832693135,0.394265211,0.197007744698,0.229080243245,1.0,1975-07-18,10.0,86.25,20.0,40.0,0.0,43.0,-0.02,152.915,30.0,4000.0,200.0,0.575,0.1,16.0,0.0115,0.007
88,0.4836298613,0.3946260044,0.19659326608,0.228463607214,1.0,1975-07-18,10.0,86.25,20.0,40.0,0.0,43.0,-0.014,152.915,30.0,4000.0,200.0,0.575,0.1,16.0,0.0115,0.007
89,0.4836299468,0.3946260724,0.196981644682,0.228398454124,1.0,1975-07-18,10.0,86.25,20.0,40.0,0.0,43.0,-0.014,152.915,39.0,4000.0,200.0,0.575,0.1,16.0,0.0115,0.007
90,0.4834960509,0.3944916674,0.197291587282,0.228812965782,1.0,1975-07-18,10.0,86.25,20.0,40.0,0.0,43.0,-0.014,152.915,39.0,4000.0,200.0,0.575,0.1,16.0,0.0085,0.007
91,0.4832161791,0.3942117923,0.197472090807,0.223335438154,1.0,1975-07-18,10.0,86.25,20.0,40.0,0.0,43.0,-0.014,152.915,39.0,4000.0,200.0,0.425,0.1,16.0,0.0085,0.007
92,0.5082572462,0.3942120786,0.187790129397,0.215001746489,1.0,1975-07-18,10.0,86.25,20.0,40.0,0.0,43.0,-0.014,152.915,39.0,4000.0,260.0,0.425,0.1,16.0,0.0085,0.007
93,0.508773226,0.3947283693,0.191189372062,0.217738095873,1.0,1975-07-18,10.0,86.25,20.0,52.0,0.0,43.0,-0.014,152.915,39.0,4000.0,260.0,0.425,0.1,16.0,0.0085,0.007
94,0.508755419,0.3947106863,0.191798735257,0.217482180718,1.0,1975-07-18,10.0,86.25,20.0,52.0,0.0,43.0,-0.014,152.915,39.0,4000.0,260.0,0.425,0.07,16.0,0.0085,0.007
95,0.5092669143,0.3952220402,0.192637678295,0.216978556851,1.0,1975-07-18,10.0,63.75,20.0,52.0,0.0,43.0,-0.014,152.915,39.0,4000.0,260.0,0.425,0.07,16.0,0.0085,0.007
96,0.4827277044,0.3937233741,0.202988818012,0.235823768587,1.0,1975-07-18,10.0,75.0,20.0,34.0,0.0,43.0,-0.026,179.9,25.5,4000.0,200.0,0.65,0.1,16.0,0.007,0.007
97,0.4824930792,0.3934885682,0.202912329123,0.235994858511,1.0,1975-07-18,10.0,75.0,20.0,34.0,0.0,43.0,-0.02,179.9,25.5,4000.0,200.0,0.65,0.1,16.0,0.007,0.007
98,0.4822468935,0.3932427797,0.202875079705,0.23077528085,1.0,1975-07-18,10.0,75.0,20.0,34.0,0.0,43.0,-0.02,179.9,25.5,4000.0,200.0,0.5,0.1,16.0,0.007,0.007
99,0.4822467389,0.3932426345,0.198282367564,0.226366431148,1.0,1975-07-18,10.0,75.0,20.0,34.0,0.0,43.0,-0.02,125.93,25.5,4000.0,200.0,0.5,0.1,16.0,0.007,0.007
100,0.4572133898,0.3932426139,0.204761836178,0.2286035333,1.0,1975-07-18,10.0,75.0,20.0,34.0,0.0,43.0,-0.02,125.93,25.5,4000.0,140.0,0.5,0.1,16.0,0.007,0.007
101,0.4572076071,0.3932367293,0.204899083493,0.228529599397,1.0,1975-07-18,10.0,75.0,20.0,34.0,0.0,43.0,-0.02,125.93,25.5,4000.0,140.0,0.5,0.07,16.0,0.007,0.007
102,0.4572076363,0.3932367653,0.206032146408,0.229569065166,1.0,1975-07-18,10.0,75.0,20.0,34.0,0.0,43.0,-0.02,125.93,34.5,4000.0,140.0,0.5,0.07,16.0,0.007,0.007
103,0.456997731,0.3930268862,0.203989527255,0.226825256178,1.0,1975-07-18,10.0,97.5,20.0,34.0,0.0,43.0,-0.02,125.93,34.5,4000.0,140.0,0.5,0.07,16.0,0.007,0.007
104,0.4571100011,0.3931392042,0.203823004307,0.226648214324,1.0,1975-07-18,10.0,97.5,20.0,34.0,0.0,43.0,-0.02,125.93,34.5,4000.0,140.0,0.5,0.07,16.0,0.01,0.007
105,0.457782687,0.3938118252,0.208213580356,0.230999378192,1.0,1975-07-18,10.0,97.5,20.0,46.0,0.0,43.0,-0.02,125.93,34.5,4000.0,140.0,0.5,0.07,16.0,0.01,0.007
106,0.4577824626,0.3938117662,0.205640906035,0.228460190101,1.0,1975-07-18,10.0,97.5,20.0,46.0,0.0,43.0,-0.02,125.93,34.5,4000.0,140.0,0.5,0.07,16.0,0.01,0.0091
107,0.4582857389,0.3943150373,0.205534819966,0.227953305107,1.0,1975-07-18,10.0,97.5,14.0,46.0,0.0,43.0,-0.02,125.93,34.5,4000.0,140.0,0.5,0.07,16.0,0.01,0.0091
108,0.4591550489,0.3951845036,0.205954062972,0.23145814826,1.0,1975-07-18,10.0,63.75,20.0,52.0,0.0,43.0,-0.02,152.915,21.0,4000.0,140.0,0.65,0.1,16.0,0.01,0.007
109,0.4594703657,0.3954997125,0.205181233327,0.230468441623,1.0,1975-07-18,10.0,63.75,20.0,52.0,0.0,43.0,-0.02,152.915,21.0,4000.0,140.0,0.65,0.1,16.0,0.013,0.007
110,0.4595090294,0.3955383762,0.2023208485,0.226323133127,1.0,1975-07-18,10.0,63.75,14.0,52.0,0.0,43.0,-0.02,152.915,21.0,4000.0,140.0,0.65,0.1,16.0,0.013,0.007
111,0.4595084312,0.3955376586,0.203951076941,0.227943178069,1.0,1975-07-18,10.0,63.75,14.0,52.0,0.0,43.0,-0.02,152.915,21.0,4000.0,140.0,0.65,0.1,16.0,0.013,0.0049
112,0.4595083478,0.3955375615,0.204419003916,0.228742670609,1.0,1975-07-18,10.0,63.75,14.0,52.0,0.0,43.0,-0.02,152.915,30.0,4000.0,140.0,0.65,0.1,16.0,0.013,0.0049
113,0.45953392,0.3955632121,0.21086147378,0.2346827008,1.0,1975-07-18,10.0,63.75,14.0,52.0,0.0,43.0,-0.02,152.915,30.0,4000.0,140.0,0.5,0.1,16.0,0.013,0.0049
114,0.4589102748,0.3949397176,0.210273692645,0.234136094703,1.0,1975-07-18,10.0,86.25,14.0,52.0,0.0,43.0,-0.02,152.915,30.0,4000.0,140.0,0.5,0.1,16.0,0.013,0.0049
115,0.4589100774,0.3949395345,0.208663386631,0.232445460265,1.0,1975-07-18,10.0,86.25,14.0,52.0,0.0,43.0,-0.02,206.885,30.0,4000.0,140.0,0.5,0.1,16.0,0.013,0.0049
116,0.4577722751,0.3938013465,0.205505594611,0.230790815791,1.0,1975-07-18,10.0,86.25,14.0,40.0,0.0,43.0,-0.02,206.885,30.0,4000.0,140.0,0.5,0.1,16.0,0.013,0.0049
117,0.4577814321,0.3938105027,0.204526277402,0.22992131279,1.0,1975-07-18,10.0,86.25,14.0,40.0,0.0,43.0,-0.02,206.885,30.0,4000.0,140.0,0.5,0.13,16.0,0.013,0.0049
118,0.4828147507,0.3938103675,0.195374380061,0.224338591381,1.0,1975-07-18,10.0,86.25,14.0,40.0,0.0,43.0,-0.02,206.885,30.0,4000.0,200.0,0.5,0.13,16.0,0.013,0.0049
119,0.4830074086,0.3940030525,0.194691062438,0.223303163397,1.0,1975-07-18,10.0,86.25,14.0,40.0,0.0,43.0,-0.014,206.885,30.0,4000.0,200.0,0.5,0.13,16.0,0.013,0.0049
120,0.4829940088,0.3939896368,0.202759221553,0.230349019902,1.0,1975-07-18,10.0,75.0,26.0,40.0,0.0,43.0,-0.023,179.9,21.0,4000.0,200.0,0.5,0.1,16.0,0.0115,0.007
121,0.4829938488,0.393989512,0.203676961653,0.232011482551,1.0,1975-07-18,10.0,75.0,26.0,40.0,0.0,43.0,-0.023,179.9,30.0,4000.0,200.0,0.5,0.1,16.0,0.0115,0.007
122,0.4579601924,0.3939892604,0.214292664882,0.236221661736,1.0,1975-07-18,10.0,75.0,26.0,40.0,0.0,43.0,-0.023,179.9,30.0,4000.0,140.0,0.5,0.1,16.0,0.0115,0.007
123,0.4587495974,0.3947788694,0.215802227002,0.237271718777,1.0,1975-07-18,10.0,75.0,26.0,52.0,0.0,43.0,-0.023,179.9,30.0,4000.0,140.0,0.5,0.1,16.0,0.0115,0.007
124,0.4587494126,0.3947786622,0.20873638867,0.232292175434,1.0,1975-07-18,10.0,75.0,26.0,52.0,0.0,43.0,-0.023,233.87,30.0,4000.0,140.0,0.5,0.1,16.0,0.0115,0.007
125,0.4587499878,0.3947789955,0.20781021,0.231659279915,1.0,1975-07-18,10.0,75.0,26.0,52.0,0.0,43.0,-0.023,233.87,30.0,4000.0,140.0,0.5,0.1,16.0,0.0115,0.0091
126,0.4591876474,0.3952169013,0.208243242562,0.231945153049,1.0,1975-07-18,10.0,75.0,26.0,52.0,0.0,43.0,-0.017,233.87,30.0,4000.0,140.0,0.5,0.1,16.0,0.0115,0.0091
127,0.4596167192,0.3956459061,0.196380232642,0.216790748526,1.0,1975-07-18,10.0,52.5,26.0,52.0,0.0,43.0,-0.017,233.87,30.0,4000.0,140.0,0.5,0.1,16.0,0.0115,0.0091
128,0.4595148538,0.3955440407,0.191235228345,0.210051873637,1.0,1975-07-18,10.0,52.5,20.0,52.0,0.0,43.0,-0.017,233.87,30.0,4000.0,140.0,0.5,0.1,16.0,0.0115,0.0091
129,0.4594574444,0.3954866313,0.191775296685,0.210584807662,1.0,1975-07-18,10.0,52.5,20.0,52.0,0.0,43.0,-0.017,233.87,30.0,4000.0,140.0,0.5,0.1,16.0,0.0085,0.0091
130,0.4593497234,0.3953789103,0.194385144219,0.210473209628,1.0,1975-07-18,10.0,52.5,20.0,52.0,0.0,43.0,-0.017,233.87,30.0,4000.0,140.0,0.35,0.1,16.0,0.0085,0.0091
131,0.4593361188,0.3953653057,0.19583064021,0.211417494678,1.0,1975-07-18,10.0,52.5,20.0,52.0,0.0,43.0,-0.017,233.87,30.0,4000.0,140.0,0.35,0.07,16.0,0.0085,0.0091
132,0.5094167009,0.3953721896,0.189869075425,0.222914124951,1.0,1975-07-18,10.0,75.0,17.0,52.0,0.0,43.0,-0.014,152.915,30.0,4000.0,260.0,0.65,0.085,16.0,0.0115,0.007
133,0.5094164362,0.3953715624,0.19066167374,0.223995457049,1.0,1975-07-18,10.0,75.0,17.0,52.0,0.0,43.0,-0.014,152.915,30.0,4000.0,260.0,0.65,0.085,16.0,0.0115,0.0049
134,0.5091039288,0.3950589973,0.190638711673,0.224125796291,1.0,1975-07-18,10.0,75.0,17.0,52.0,0.0,43.0,-0.02,152.915,30.0,4000.0,260.0,0.65,0.085,16.0,0.0115,0.0049
135,0.4840630492,0.3950588552,0.200584692273,0.231060047664,1.0,1975-07-18,10.0,75.0,17.0,52.0,0.0,43.0,-0.02,152.915,30.0,4000.0,200.0,0.65,0.085,16.0,0.0115,0.0049
136,0.4840630622,0.3950588845,0.195661036208,0.225744351411,1.0,1975-07-18,10.0,75.0,17.0,52.0,0.0,43.0,-0.02,206.885,30.0,4000.0,200.0,0.65,0.085,16.0,0.0115,0.0049
137,0.4844122085,0.395407925,0.188349605459,0.216040368237,1.0,1975-07-18,10.0,52.5,17.0,52.0,0.0,43.0,-0.02,206.885,30.0,4000.0,200.0,0.65,0.085,16.0,0.0115,0.0049
138,0.4844123013,0.3954079716,0.190642438511,0.218637019475,1.0,1975-07-18,10.0,52.5,17.0,52.0,0.0,43.0,-0.02,206.885,21.0,4000.0,200.0,0.65,0.085,16.0,0.0115,0.0049
139,0.4845059574,0.3955016277,0.194984243962,0.225349188335,1.0,1975-07-18,10.0,52.5,23.0,52.0,0.0,43.0,-0.02,206.885,21.0,4000.0,200.0,0.65,0.085,16.0,0.0115,0.0049
140,0.4844894399,0.3954851102,0.194571850576,0.224465302367,1.0,1975-07-18,10.0,52.5,23.0,52.0,0.0,43.0,-0.02,206.885,21.0,4000.0,200.0,0.65,0.115,16.0,0.0115,0.0049
141,0.484394836,0.3953905063,0.194663431921,0.224717023417,1.0,1975-07-18,10.0,52.5,23.0,52.0,0.0,43.0,-0.02,206.885,21.0,4000.0,200.0,0.65,0.115,16.0,0.0085,0.0049
142,0.4844047281,0.3954003984,0.197904221795,0.226515187048,1.0,1975-07-18,10.0,52.5,23.0,52.0,0.0,43.0,-0.02,206.885,21.0,4000.0,200.0,0.5,0.115,16.0,0.0085,0.0049
143,0.4839431748,0.3949392877,0.199514489919,0.229059885912,1.0,1975-07-18,10.0,52.5,23.0,40.0,0.0,43.0,-0.02,206.885,21.0,4000.0,200.0,0.5,0.115,16.0,0.0085,0.0049
144,0.5083009203,0.3942555462,0.189201384662,0.20988963874,1.0,1975-07-18,10.0,75.0,14.0,40.0,0.0,43.0,-0.02,125.93,39.0,4000.0,260.0,0.35,0.1,16.0,0.0115,0.0091
145,0.5081634768,0.3941182307,0.189349279997,0.2100726969,1.0,1975-07-18,10.0,75.0,14.0,40.0,0.0,43.0,-0.02,125.93,39.0,4000.0,260.0,0.35,0.1,16.0,0.0085,0.0091
146,0.5070179149,0.3929732032,0.18625601377,0.207056481494,1.0,1975-07-18,10.0,75.0,14.0,28.0,0.0,43.0,-0.02,125.93,39.0,4000.0,260.0,0.35,0.1,16.0,0.0085,0.0091
147,0.5070178978,0.3929732376,0.18557483676,0.206233373519,1.0,1975-07-18,10.0,75.0,14.0,28.0,0.0,43.0,-0.02,125.93,30.0,4000.0,260.0,0.35,0.1,16.0,0.0085,0.0091
148,0.5070400285,0.392995208,0.185804661075,0.207640410474,1.0,1975-07-18,10.0,75.0,14.0,28.0,0.0,43.0,-0.02,125.93,30.0,4000.0,260.0,0.35,0.13,16.0,0.0085,0.0091
149,0.5072904249,0.3932457469,0.187945619308,0.218982537994,1.0,1975-07-18,10.0,75.0,14.0,28.0,0.0,43.0,-0.02,125.93,30.0,4000.0,260.0,0.5,0.13,16.0,0.0085,0.0091
150,0.5075442434,0.3934993236,0.187422369124,0.218079204564,1.0,1975-07-18,10.0,75.0,14.0,28.0,0.0,43.0,-0.014,125.93,30.0,4000.0,260.0,0.5,0.13,16.0,0.0085,0.0091
151,0.5075447947,0.3934999334,0.187803868321,0.218339243103,1.0,1975-07-18,10.0,75.0,14.0,28.0,0.0,43.0,-0.014,125.93,30.0,4000.0,260.0,0.5,0.13,16.0,0.0085,0.007
152,0.5071531081,0.3931082468,0.187572122563,0.218210200796,1.0,1975-07-18,10.0,75.0,20.0,28.0,0.0,43.0,-0.014,125.93,30.0,4000.0,260.0,0.5,0.13,16.0,0.0085,0.007
153,0.4821120105,0.393107989,0.196782978995,0.225005799755,1.0,1975-07-18,10.0,75.0,20.0,28.0,0.0,43.0,-0.014,125.93,30.0,4000.0,200.0,0.5,0.13,16.0,0.0085,0.007
154,0.4821120518,0.3931080343,0.200638173118,0.22908734828,1.0,1975-07-18,10.0,75.0,20.0,28.0,0.0,43.0,-0.014,179.9,30.0,4000.0,200.0,0.5,0.13,16.0,0.0085,0.007
155,0.4832409202,0.3942368641,0.202379091888,0.231070103732,1.0,1975-07-18,10.0,52.5,20.0,28.0,0.0,43.0,-0.014,179.9,30.0,4000.0,200.0,0.5,0.13,16.0,0.0085,0.007
156,0.4845415186,0.395537198,0.190839562351,0.217469012588,1.0,1975-07-18,10.0,52.5,23.0,52.0,0.0,43.0,-0.017,206.885,34.5,4000.0,200.0,0.5,0.115,16.0,0.0085,0.0091
157,0.4845420073,0.3955376867,0.191399831258,0.218055256564,1.0,1975-07-18,10.0,52.5,23.0,52.0,0.0,43.0,-0.017,206.885,34.5,4000.0,200.0,0.5,0.085,16.0,0.0085,0.0091
158,0.4595088021,0.3955379787,0.194531559801,0.216673610427,1.0,1975-07-18,10.0,52.5,23.0,52.0,0.0,43.0,-0.017,206.885,34.5,4000.0,140.0,0.5,0.085,16.0,0.0085,0.0091
159,0.4595090085,0.3955381814,0.203870085374,0.226843530186,1.0,1975-07-18,10.0,52.5,23.0,52.0,0.0,43.0,-0.017,152.915,34.5,4000.0,140.0,0.5,0.085,16.0,0.0085,0.0091
160,0.4595089609,0.3955381345,0.202894201029,0.225736601146,1.0,1975-07-18,10.0,52.5,23.0,52.0,0.0,43.0,-0.017,152.915,25.5,4000.0,140.0,0.5,0.085,16.0,0.0085,0.0091
161,0.459449935,0.3954791086,0.202707915126,0.225490539097,1.0,1975-07-18,10.0,52.5,23.0,52.0,0.0,43.0,-0.017,152.915,25.5,4000.0,140.0,0.5,0.085,16.0,0.0115,0.0091
162,0.4598548882,0.3958840618,0.198364765428,0.220294415297,1.0,1975-07-18,10.0,52.5,17.0,52.0,0.0,43.0,-0.017,152.915,25.5,4000.0,140.0,0.5,0.085,16.0,0.0115,0.0091
163,0.4592237733,0.395253097,0.209639859928,0.233529152166,1.0,1975-07-18,10.0,75.0,17.0,52.0,0.0,43.0,-0.017,152.915,25.5,4000.0,140.0,0.5,0.085,16.0,0.0115,0.0091
164,0.4589762889,0.395005527,0.211038662448,0.231251582747,1.0,1975-07-18,10.0,75.0,17.0,52.0,0.0,43.0,-0.017,152.915,25.5,4000.0,140.0,0.35,0.085,16.0,0.0115,0.0091
165,0.4589766489,0.3950056532,0.212938509611,0.233403302425,1.0,1975-07-18,10.0,75.0,17.0,52.0,0.0,43.0,-0.017,152.915,25.5,4000.0,140.0,0.35,0.085,16.0,0.0115,0.007
166,0.4589635299,0.3949928622,0.212703000495,0.233284538607,1.0,1975-07-18,10.0,75.0,17.0,52.0,0.0,43.0,-0.023,152.915,25.5,4000.0,140.0,0.35,0.085,16.0,0.0115,0.007
167,0.4578483671,0.3938774963,0.208794694173,0.228572977396,1.0,1975-07-18,10.0,75.0,17.0,40.0,0.0,43.0,-0.023,152.915,25.5,4000.0,140.0,0.35,0.085,16.0,0.0115,0.007
168,0.4584237356,0.3944529633,0.209229299013,0.232773012816,1.0,1975-07-18,10.0,86.25,14.0,46.0,0.0,43.0,-0.014,152.915,21.0,4000.0,140.0,0.5,0.1,16.0,0.007,0.007
169,0.4584144183,0.3944435824,0.210390262778,0.23389177647,1.0,1975-07-18,10.0,86.25,14.0,46.0,0.0,43.0,-0.014,152.915,21.0,4000.0,140.0,0.5,0.07,16.0,0.007,0.007
170,0.4584144164,0.3944436495,0.207630688417,0.231124646276,1.0,1975-07-18,10.0,86.25,14.0,46.0,0.0,43.0,-0.014,152.915,21.0,4000.0,140.0,0.5,0.07,16.0,0.007,0.0091
171,0.4834480394,0.3944439237,0.200774786222,0.228511887377,1.0,1975-07-18,10.0,86.25,14.0,46.0,0.0,43.0,-0.014,152.915,21.0,4000.0,200.0,0.5,0.07,16.0,0.007,0.0091
172,0.482456773,0.3934527109,0.194289753418,0.222516535775,1.0,1975-07-18,10.0,86.25,14.0,34.0,0.0,43.0,-0.014,152.915,21.0,4000.0,200.0,0.5,0.07,16.0,0.007,0.0091
173,0.4825133199,0.3935092578,0.192775663254,0.221605305237,1.0,1975-07-18,10.0,86.25,20.0,34.0,0.0,43.0,-0.014,152.915,21.0,4000.0,200.0,0.5,0.07,16.0,0.007,0.0091
174,0.482513544,0.3935094605,0.19265183426,0.221527954734,1.0,1975-07-18,10.0,86.25,20.0,34.0,0.0,43.0,-0.014,152.915,30.0,4000.0,200.0,0.5,0.07,16.0,0.007,0.0091
175,0.4827474832,0.3937431672,0.192732939865,0.221649349738,1.0,1975-07-18,10.0,86.25,20.0,34.0,0.0,43.0,-0.02,152.915,30.0,4000.0,200.0,0.5,0.07,16.0,0.007,0.0091
176,0.4830616835,0.3940575033,0.198756442093,0.22875541402,1.0,1975-07-18,10.0,63.75,20.0,34.0,0.0,43.0,-0.02,152.915,30.0,4000.0,200.0,0.5,0.07,16.0,0.007,0.0091
177,0.4829322386,0.3939281992,0.198608085569,0.228430826968,1.0,1975-07-18,10.0,63.75,20.0,34.0,0.0,43.0,-0.02,152.915,30.0,4000.0,200.0,0.5,0.07,16.0,0.01,0.0091
178,0.4829322005,0.393928178,0.192933655645,0.222043803425,1.0,1975-07-18,10.0,63.75,20.0,34.0,0.0,43.0,-0.02,206.885,30.0,4000.0,200.0,0.5,0.07,16.0,0.01,0.0091
179,0.4825599194,0.3935559471,0.191559770581,0.212183669751,1.0,1975-07-18,10.0,63.75,20.0,34.0,0.0,43.0,-0.02,206.885,30.0,4000.0,200.0,0.35,0.07,16.0,0.01,0.0091
180,0.4954264768,0.3939021106,0.197771963163,0.219042614971,1.0,1975-07-18,10.0,52.5,17.0,28.0,0.0,43.0,-0.017,179.9,30.0,4000.0,230.0,0.35,0.115,16.0,0.013,0.00805
181,0.4953877703,0.3938636208,0.197928230476,0.217374541086,1.0,1975-07-18,10.0,52.5,17.0,28.0,0.0,43.0,-0.017,179.9,30.0,4000.0,230.0,0.35,0.085,16.0,0.013,0.00805
182,0.4949124122,0.3933882627,0.197058274686,0.217308802384,1.0,1975-07-18,10.0,52.5,23.0,28.0,0.0,43.0,-0.017,179.9,30.0,4000.0,230.0,0.35,0.085,16.0,0.013,0.00805
183,0.4949123149,0.3933881742,0.19252921722,0.213516399409,1.0,1975-07-18,10.0,52.5,23.0,28.0,0.0,43.0,-0.017,125.93,30.0,4000.0,230.0,0.35,0.085,16.0,0.013,0.00805
184,0.496149589,0.3946250141,0.196627489963,0.217033742989,1.0,1975-07-18,10.0,52.5,23.0,40.0,0.0,43.0,-0.017,125.93,30.0,4000.0,230.0,0.35,0.085,16.0,0.013,0.00805
185,0.4964298399,0.3949056058,0.194953298217,0.223234520402,1.0,1975-07-18,10.0,52.5,23.0,40.0,0.0,43.0,-0.017,125.93,30.0,4000.0,230.0,0.5,0.085,16.0,0.013,0.00805
186,0.4964294902,0.3949053364,0.195197853035,0.223338721991,1.0,1975-07-18,10.0,52.5,23.0,40.0,0.0,43.0,-0.017,125.93,39.0,4000.0,230.0,0.5,0.085,16.0,0.013,0.00805
187,0.495876523,0.3943521523,0.194654612187,0.223045379952,1.0,1975-07-18,10.0,75.0,23.0,40.0,0.0,43.0,-0.017,125.93,39.0,4000.0,230.0,0.5,0.085,16.0,0.013,0.00805
188,0.4958764745,0.394352413,0.195234091266,0.223300007663,1.0,1975-07-18,10.0,75.0,23.0,40.0,0.0,43.0,-0.017,125.93,39.0,4000.0,230.0,0.5,0.085,16.0,0.013,0.00595
189,0.4957450601,0.3942206904,0.195131570702,0.223722994107,1.0,1975-07-18,10.0,75.0,23.0,40.0,0.0,43.0,-0.017,125.93,39.0,4000.0,230.0,0.5,0.085,16.0,0.01,0.00595
190,0.4707068808,0.3942207217,0.206035957004,0.231854788872,1.0,1975-07-18,10.0,75.0,23.0,40.0,0.0,43.0,-0.017,125.93,39.0,4000.0,170.0,0.5,0.085,16.0,0.01,0.00595
191,0.4709412424,0.3944551318,0.205800510609,0.2316810243,1.0,1975-07-18,10.0,75.0,23.0,40.0,0.0,43.0,-0.023,125.93,39.0,4000.0,170.0,0.5,0.085,16.0,0.01,0.00595
192,0.4954404794,0.3939164515,0.195922677912,0.219951265907,1.0,1975-07-18,10.0,86.25,26.0,52.0,0.0,43.0,-0.023,125.93,25.5,4000.0,230.0,0.425,0.085,16.0,0.007,0.00595
193,0.4954405646,0.3939165262,0.200389680507,0.224015150617,1.0,1975-07-18,10.0,86.25,26.0,52.0,0.0,43.0,-0.023,179.9,25.5,4000.0,230.0,0.425,0.085,16.0,0.007,0.00595
194,0.4954406465,0.3939166262,0.19993071631,0.223627559382,1.0,1975-07-18,10.0,86.25,26.0,52.0,0.0,43.0,-0.023,179.9,34.5,4000.0,230.0,0.425,0.085,16.0,0.007,0.00595
195,0.4704023849,0.3939165156,0.20936222599,0.231095048519,1.0,1975-07-18,10.0,86.25,26.0,52.0,0.0,43.0,-0.023,179.9,34.5,4000.0,170.0,0.425,0.085,16.0,0.007,0.00595
196,0.4703878272,0.3939017344,0.20872196223,0.231259191047,1.0,1975-07-18,10.0,86.25,26.0,52.0,0.0,43.0,-0.023,179.9,34.5,4000.0,170.0,0.425,0.115,16.0,0.007,0.00595
197,0.4704454953,0.3939593428,0.209802184339,0.238154230682,1.0,1975-07-18,10.0,86.25,26.0,52.0,0.0,43.0,-0.023,179.9,34.5,4000.0,170.0,0.575,0.115,16.0,0.007,0.00595
198,0.4717364079,0.3952503809,0.20913090098,0.235485459789,1.0,1975-07-18,10.0,63.75,26.0,52.0,0.0,43.0,-0.023,179.9,34.5,4000.0,170.0,0.575,0.115,16.0,0.007,0.00595
199,0.4718977957,0.3954119316,0.209027580017,0.235427210358,1.0,1975-07-18,10.0,63.75,26.0,52.0,0.0,43.0,-0.023,179.9,34.5,4000.0,170.0,0.575,0.115,16.0,0.01,0.00595
200,0.4718972863,0.3954113897,0.208328844053,0.234965983691,1.0,1975-07-18,10.0,63.75,26.0,52.0,0.0,43.0,-0.023,179.9,34.5,4000.0,170.0,0.575,0.115,16.0,0.01,0.00805
201,0.4719053058,0.395419308,0.2083194539,0.235134495294,1.0,1975-07-18,10.0,63.75,26.0,52.0,0.0,43.0,-0.017,179.9,34.5,4000.0,170.0,0.575,0.115,16.0,0.01,0.00805
202,0.4720884094,0.3956024116,0.207535548078,0.232732508611,1.0,1975-07-18,10.0,63.75,20.0,52.0,0.0,43.0,-0.017,179.9,34.5,4000.0,170.0,0.575,0.115,16.0,0.01,0.00805
203,0.4714429708,0.3949568893,0.208651773321,0.236653805988,1.0,1975-07-18,10.0,63.75,20.0,40.0,0.0,43.0,-0.017,179.9,34.5,4000.0,170.0,0.575,0.115,16.0,0.01,0.00805
204,0.483239424,0.3942352092,0.202281111668,0.234851733768,1.0,1975-07-18,10.0,75.0,17.0,34.0,0.0,43.0,-0.017,179.9,30.0,4000.0,200.0,0.65,0.1,16.0,0.01,0.00805
205,0.483239329,0.3942350883,0.198775877012,0.231742497971,1.0,1975-07-18,10.0,75.0,17.0,34.0,0.0,43.0,-0.017,233.87,30.0,4000.0,200.0,0.65,0.1,16.0,0.01,0.00805
206,0.4832041518,0.3942000333,0.198833350826,0.23178258856,1.0,1975-07-18,10.0,75.0,17.0,34.0,0.0,43.0,-0.023,233.87,30.0,4000.0,200.0,0.65,0.1,16.0,0.01,0.00805
207,0.4825965129,0.3935924701,0.199287206427,0.232179055754,1.0,1975-07-18,10.0,75.0,17.0,34.0,0.0,43.0,-0.023,233.87,30.0,4000.0,200.0,0.65,0.1,16.0,0.007,0.00805
208,0.482326387,0.3933225188,0.198612710712,0.226839200673,1.0,1975-07-18,10.0,75.0,17.0,34.0,0.0,43.0,-0.023,233.87,30.0,4000.0,200.0,0.5,0.1,16.0,0.007,0.00805
209,0.4835362511,0.394532364,0.200688434125,0.227805997061,1.0,1975-07-18,10.0,75.0,17.0,46.0,0.0,43.0,-0.023,233.87,30.0,4000.0,200.0,0.5,0.1,16.0,0.007,0.00805
210,0.4835362524,0.3945323404,0.200596750621,0.227514881076,1.0,1975-07-18,10.0,75.0,17.0,46.0,0.0,43.0,-0.023,233.87,21.0,4000.0,200.0,0.5,0.1,16.0,0.007,0.00805
211,0.4826367357,0.3936327534,0.198557799155,0.225299253889,1.0,1975-07-18,10.0,97.5,17.0,46.0,0.0,43.0,-0.023,233.87,21.0,4000.0,200.0,0.5,0.1,16.0,0.007,0.00805
212,0.4576032747,0.3936326671,0.206541819497,0.229483563906,1.0,1975-07-18,10.0,97.5,17.0,46.0,0.0,43.0,-0.023,233.87,21.0,4000.0,140.0,0.5,0.1,16.0,0.007,0.00805
213,0.457603244,0.3936324941,0.208663254019,0.231520853566,1.0,1975-07-18,10.0,97.5,17.0,46.0,0.0,43.0,-0.023,233.87,21.0,4000.0,140.0,0.5,0.1,16.0,0.007,0.00595
214,0.4572878405,0.3933170906,0.208988081862,0.231864859821,1.0,1975-07-18,10.0,97.5,23.0,46.0,0.0,43.0,-0.023,233.87,21.0,4000.0,140.0,0.5,0.1,16.0,0.007,0.00595
215,0.4572848731,0.3933141882,0.209312638092,0.231898093645,1.0,1975-07-18,10.0,97.5,23.0,46.0,0.0,43.0,-0.023,233.87,21.0,4000.0,140.0,0.5,0.07,16.0,0.007,0.00595
216,0.4837972027,0.3947929186,0.199993936747,0.225616508502,1.0,1975-07-18,10.0,63.75,17.0,46.0,0.0,43.0,-0.02,233.87,30.0,4000.0,200.0,0.5,0.1,16.0,0.0085,0.007
217,0.4829911145,0.393987103,0.198910365583,0.226618964187,1.0,1975-07-18,10.0,63.75,17.0,34.0,0.0,43.0,-0.02,233.87,30.0,4000.0,200.0,0.5,0.1,16.0,0.0085,0.007
218,0.4825263412,0.393521976,0.198321509675,0.22648283414,1.0,1975-07-18,10.0,86.25,17.0,34.0,0.0,43.0,-0.02,233.87,30.0,4000.0,200.0,0.5,0.1,16.0,0.0085,0.007
219,0.4574932448,0.3935222911,0.202761371307,0.225915226973,1.0,1975-07-18,10.0,86.25,17.0,34.0,0.0,43.0,-0.02,233.87,30.0,4000.0,140.0,0.5,0.1,16.0,0.0085,0.007
220,0.4574781981,0.3935075362,0.20346675246,0.226449473576,1.0,1975-07-18,10.0,86.25,17.0,34.0,0.0,43.0,-0.02,233.87,30.0,4000.0,140.0,0.5,0.07,16.0,0.0085,0.007
221,0.4573823233,0.3934116314,0.203950734979,0.226848147679,1.0,1975-07-18,10.0,86.25,17.0,34.0,0.0,43.0,-0.014,233.87,30.0,4000.0,140.0,0.5,0.07,16.0,0.0085,0.007
222,0.4573818202,0.3934112265,0.207164314981,0.230099334012,1.0,1975-07-18,10.0,86.25,17.0,34.0,0.0,43.0,-0.014,233.87,30.0,4000.0,140.0,0.5,0.07,16.0,0.0085,0.0049
223,0.4577967926,0.3938260398,0.207051410939,0.229901360413,1.0,1975-07-18,10.0,86.25,17.0,34.0,0.0,43.0,-0.014,233.87,30.0,4000.0,140.0,0.5,0.07,16.0,0.0115,0.0049
224,0.4577965684,0.3938258342,0.213377632918,0.233954809356,1.0,1975-07-18,10.0,86.25,17.0,34.0,0.0,43.0,-0.014,179.9,30.0,4000.0,140.0,0.5,0.07,16.0,0.0115,0.0049
225,0.4577966254,0.3938258733,0.212990144542,0.234387396608,1.0,1975-07-18,10.0,86.25,17.0,34.0,0.0,43.0,-0.014,179.9,39.0,4000.0,140.0,0.5,0.07,16.0,0.0115,0.0049
226,0.4573677327,0.3933971117,0.210637118479,0.22562942116,1.0,1975-07-18,10.0,86.25,17.0,34.0,0.0,43.0,-0.014,179.9,39.0,4000.0,140.0,0.35,0.07,16.0,0.0115,0.0049
227,0.4574474639,0.3934768429,0.209706046728,0.225092521919,1.0,1975-07-18,10.0,86.25,23.0,34.0,0.0,43.0,-0.014,179.9,39.0,4000.0,140.0,0.35,0.07,16.0,0.0115,0.0049
228,0.4583589462,0.3943881352,0.202157571703,0.229433677155,1.0,1975-07-18,10.0,97.5,17.0,40.0,0.0,43.0,-0.017,206.885,25.5,4000.0,140.0,0.65,0.13,16.0,0.01,0.00595
229,0.4588925806,0.3949216757,0.205318401383,0.231606366421,1.0,1975-07-18,10.0,97.5,17.0,52.0,0.0,43.0,-0.017,206.885,25.5,4000.0,140.0,0.65,0.13,16.0,0.01,0.00595
230,0.4588925303,0.3949215665,0.203044068853,0.229542741022,1.0,1975-07-18,10.0,97.5,17.0,52.0,0.0,43.0,-0.017,206.885,34.5,4000.0,140.0,0.65,0.13,16.0,0.01,0.00595
231,0.4591342054,0.3951634411,0.203239313839,0.228323261759,1.0,1975-07-18,10.0,75.0,17.0,52.0,0.0,43.0,-0.017,206.885,34.5,4000.0,140.0,0.65,0.13,16.0,0.01,0.00595
232,0.4841673218,0.3951631701,0.194294105359,0.223826457988,1.0,1975-07-18,10.0,75.0,17.0,52.0,0.0,43.0,-0.017,206.885,34.5,4000.0,200.0,0.65,0.13,16.0,0.01,0.00595
233,0.4841673086,0.3951631716,0.200109659936,0.23003276791,1.0,1975-07-18,10.0,75.0,17.0,52.0,0.0,43.0,-0.017,152.915,34.5,4000.0,200.0,0.65,0.13,16.0,0.01,0.00595
234,0.4841952497,0.395191111,0.199779165847,0.229816529911,1.0,1975-07-18,10.0,75.0,17.0,52.0,0.0,43.0,-0.017,152.915,34.5,4000.0,200.0,0.65,0.1,16.0,0.01,0.00595
235,0.4842319284,0.3952277897,0.200399073343,0.23156951414,1.0,1975-07-18,10.0,75.0,23.0,52.0,0.0,43.0,-0.017,152.915,34.5,4000.0,200.0,0.65,0.1,16.0,0.01,0.00595
236,0.483946648,0.3949427752,0.202228353607,0.230313004579,1.0,1975-07-18,10.0,75.0,23.0,52.0,0.0,43.0,-0.017,152.915,34.5,4000.0,200.0,0.5,0.1,16.0,0.01,0.00595
237,0.4842789293,0.3952750619,0.202095187199,0.23014213636,1.0,1975-07-18,10.0,75.0,23.0,52.0,0.0,43.0,-0.017,152.915,34.5,4000.0,200.0,0.5,0.1,16.0,0.013,0.00595
238,0.484279032,0.3952749911,0.202005036655,0.23019914146,1.0,1975-07-18,10.0,75.0,23.0,52.0,0.0,43.0,-0.017,152.915,34.5,4000.0,200.0,0.5,0.1,16.0,0.013,0.00805
239,0.4839437142,0.3949395035,0.202014953141,0.230268456531,1.0,1975-07-18,10.0,75.0,23.0,52.0,0.0,43.0,-0.023,152.915,34.5,4000.0,200.0,0.5,0.1,16.0,0.013,0.00805
240,0.5088878295,0.394842823,0.191624307468,0.221298615145,1.0,1975-07-18,10.0,52.5,23.0,40.0,0.0,43.0,-0.026,233.87,39.0,4000.0,260.0,0.5,0.1,16.0,0.007,0.00805
241,0.4838471626,0.3948429325,0.199159673339,0.226567987882,1.0,1975-07-18,10.0,52.5,23.0,40.0,0.0,43.0,-0.026,233.87,39.0,4000.0,200.0,0.5,0.1,16.0,0.007,0.00805
242,0.4837228227,0.3947185352,0.198924579053,0.218925881346,1.0,1975-07-18,10.0,52.5,23.0,40.0,0.0,43.0,-0.026,233.87,39.0,4000.0,200.0,0.35,0.1,16.0,0.007,0.00805
243,0.4833821246,0.3943780761,0.198512988984,0.218285912214,1.0,1975-07-18,10.0,52.5,23.0,40.0,0.0,43.0,-0.026,233.87,39.0,4000.0,200.0,0.35,0.1,16.0,0.01,0.00805
244,0.4833820454,0.3943776573,0.200833723776,0.220590499239,1.0,1975-07-18,10.0,52.5,23.0,40.0,0.0,43.0,-0.026,233.87,39.0,4000.0,200.0,0.35,0.1,16.0,0.01,0.00595
245,0.4819029133,0.3928987242,0.196626560099,0.217391766956,1.0,1975-07-18,10.0,52.5,23.0,28.0,0.0,43.0,-0.026,233.87,39.0,4000.0,200.0,0.35,0.1,16.0,0.01,0.00595
246,0.4822683842,0.3932641951,0.196540356327,0.216567328585,1.0,1975-07-18,10.0,52.5,17.0,28.0,0.0,43.0,-0.026,233.87,39.0,4000.0,200.0,0.35,0.1,16.0,0.01,0.00595
247,0.4822683969,0.3932641998,0.196685508901,0.216949409348,1.0,1975-07-18,10.0,52.5,17.0,28.0,0.0,43.0,-0.026,233.87,30.0,4000.0,200.0,0.35,0.1,16.0,0.01,0.00595
248,0.4819436335,0.3929394671,0.195889517987,0.21565399477,1.0,1975-07-18,10.0,75.0,17.0,28.0,0.0,43.0,-0.026,233.87,30.0,4000.0,200.0,0.35,0.1,16.0,0.01,0.00595
249,0.4819727221,0.3929687506,0.195948137475,0.21710591846,1.0,1975-07-18,10.0,75.0,17.0,28.0,0.0,43.0,-0.026,233.87,30.0,4000.0,200.0,0.35,0.13,16.0,0.01,0.00595
250,0.481698475,0.3926944332,0.196481572448,0.217651390263,1.0,1975-07-18,10.0,75.0,17.0,28.0,0.0,43.0,-0.02,233.87,30.0,4000.0,200.0,0.35,0.13,16.0,0.01,0.00595
251,0.481698361,0.3926943453,0.199976083051,0.220427257166,1.0,1975-07-18,10.0,75.0,17.0,28.0,0.0,43.0,-0.02,179.9,30.0,4000.0,200.0,0.35,0.13,16.0,0.01,0.00595
252,0.4959562278,0.3944321461,0.194663516006,0.223353962448,1.0,1975-07-18,10.0,97.5,20.0,52.0,0.0,43.0,-0.02,152.915,34.5,4000.0,230.0,0.5,0.115,16.0,0.0115,0.00595
253,0.4959656911,0.3944412507,0.194816297909,0.223201428845,1.0,1975-07-18,10.0,97.5,20.0,52.0,0.0,43.0,-0.02,152.915,34.5,4000.0,230.0,0.5,0.085,16.0,0.0115,0.00595
254,0.4959655713,0.3944411325,0.19524365191,0.223841692708,1.0,1975-07-18,10.0,97.5,20.0,52.0,0.0,43.0,-0.02,152.915,25.5,4000.0,230.0,0.5,0.085,16.0,0.0115,0.00595
255,0.4959238283,0.3943997342,0.195737538796,0.224222768257,1.0,1975-07-18,10.0,97.5,20.0,52.0,0.0,43.0,-0.02,152.915,25.5,4000.0,230.0,0.5,0.085,16.0,0.0085,0.00595
256,0.495709816,0.3941856101,0.19493548273,0.224935098035,1.0,1975-07-18,10.0,97.5,26.0,52.0,0.0,43.0,-0.02,152.915,25.5,4000.0,230.0,0.5,0.085,16.0,0.0085,0.00595
257,0.4965442363,0.395020072,0.197839516082,0.227749154403,1.0,1975-07-18,10.0,75.0,26.0,52.0,0.0,43.0,-0.02,152.915,25.5,4000.0,230.0,0.5,0.085,16.0,0.0085,0.00595
258,0.4966022974,0.3950783702,0.195949174545,0.230765915808,1.0,1975-07-18,10.0,75.0,26.0,52.0,0.0,43.0,-0.02,152.915,25.5,4000.0,230.0,0.65,0.085,16.0,0.0085,0.00595
259,0.4715639583,0.3950781789,0.205464903693,0.235367004507,1.0,1975-07-18,10.0,75.0,26.0,52.0,0.0,43.0,-0.02,152.915,25.5,4000.0,170.0,0.65,0.085,16.0,0.0085,0.00595
260,0.4706318522,0.3941460447,0.203054931547,0.235106791042,1.0,1975-07-18,10.0,75.0,26.0,40.0,0.0,43.0,-0.02,152.915,25.5,4000.0,170.0,0.65,0.085,16.0,0.0085,0.00595
261,0.4706319081,0.394145998,0.201866231424,0.233642688547,1.0,1975-07-18,10.0,75.0,26.0,40.0,0.0,43.0,-0.02,152.915,25.5,4000.0,170.0,0.65,0.085,16.0,0.0085,0.00805
262,0.4711460145,0.3946599018,0.201849457953,0.233634253052,1.0,1975-07-18,10.0,75.0,26.0,40.0,0.0,43.0,-0.014,152.915,25.5,4000.0,170.0,0.65,0.085,16.0,0.0085,0.00805
263,0.4711458121,0.394659771,0.200757206448,0.232959937145,1.0,1975-07-18,10.0,75.0,26.0,40.0,0.0,43.0,-0.014,206.885,25.5,4000.0,170.0,0.65,0.085,16.0,0.0085,0.00805
264,0.5084090073,0.3943639259,0.18709400956,0.216403474131,1.0,1975-07-18,10.0,63.75,14.0,40.0,0.0,43.0,-0.026,206.885,30.0,4000.0,260.0,0.5,0.1,16.0,0.0115,0.0049
265,0.5084097298,0.3943648244,0.186755833877,0.216415365342,1.0,1975-07-18,10.0,63.75,14.0,40.0,0.0,43.0,-0.026,206.885,30.0,4000.0,260.0,0.5,0.1,16.0,0.0115,0.007
266,0.5086911335,0.3946462281,0.187023517879,0.21822410188,1.0,1975-07-18,10.0,63.75,20.0,40.0,0.0,43.0,-0.026,206.885,30.0,4000.0,260.0,0.5,0.1,16.0,0.0115,0.007
267,0.5087954944,0.3947507892,0.186449056056,0.21747877553,1.0,1975-07-18,10.0,63.75,20.0,40.0,0.0,43.0,-0.02,206.885,30.0,4000.0,260.0,0.5,0.1,16.0,0.0115,0.007
268,0.5088044564,0.3947597348,0.187468061071,0.218172047153,1.0,1975-07-18,10.0,63.75,20.0,40.0,0.0,43.0,-0.02,206.885,30.0,4000.0,260.0,0.5,0.07,16.0,0.0115,0.007
269,0.5088044609,0.3947595694,0.186627417921,0.217806760625,1.0,1975-07-18,10.0,63.75,20.0,40.0,0.0,43.0,-0.02,206.885,39.0,4000.0,260.0,0.5,0.07,16.0,0.0115,0.007
270,0.5086249343,0.394580197,0.186838072232,0.218189194979,1.0,1975-07-18,10.0,63.75,20.0,40.0,0.0,43.0,-0.02,206.885,39.0,4000.0,260.0,0.5,0.07,16.0,0.0085,0.007
271,0.5087370271,0.3946923188,0.18542730579,0.223302621053,1.0,1975-07-18,10.0,63.75,20.0,40.0,0.0,43.0,-0.02,206.885,39.0,4000.0,260.0,0.65,0.07,16.0,0.0085,0.007
272,0.4836966751,0.3946924321,0.195240906901,0.229007296258,1.0,1975-07-18,10.0,63.75,20.0,40.0,0.0,43.0,-0.02,206.885,39.0,4000.0,200.0,0.65,0.07,16.0,0.0085,0.007
273,0.4844047624,0.3954004438,0.193303193198,0.223681446977,1.0,1975-07-18,10.0,63.75,20.0,52.0,0.0,43.0,-0.02,206.885,39.0,4000.0,200.0,0.65,0.07,16.0,0.0085,0.007
274,0.4841970201,0.3951926542,0.194679290971,0.22632824934,1.0,1975-07-18,10.0,86.25,20.0,52.0,0.0,43.0,-0.02,206.885,39.0,4000.0,200.0,0.65,0.07,16.0,0.0085,0.007
275,0.4841970547,0.3951926767,0.19934365265,0.230278101395,1.0,1975-07-18,10.0,86.25,20.0,52.0,0.0,43.0,-0.02,152.915,39.0,4000.0,200.0,0.65,0.07,16.0,0.0085,0.007
276,0.458296389,0.3943257384,0.212736247752,0.232572249411,1.0,1975-07-18,10.0,63.75,26.0,40.0,0.0,43.0,-0.023,179.9,39.0,4000.0,140.0,0.425,0.1,16.0,0.01,0.0091
277,0.4583647851,0.3943940646,0.213155365602,0.233123923547,1.0,1975-07-18,10.0,63.75,26.0,40.0,0.0,43.0,-0.017,179.9,39.0,4000.0,140.0,0.425,0.1,16.0,0.01,0.0091
278,0.4585734962,0.3946027757,0.211842153261,0.231021414029,1.0,1975-07-18,10.0,63.75,20.0,40.0,0.0,43.0,-0.017,179.9,39.0,4000.0,140.0,0.425,0.1,16.0,0.01,0.0091
279,0.4585734838,0.3946027829,0.214022400552,0.232998251276,1.0,1975-07-18,10.0,63.75,20.0,40.0,0.0,43.0,-0.017,179.9,30.0,4000.0,140.0,0.425,0.1,16.0,0.01,0.0091
280,0.4570862775,0.3931153249,0.208225744578,0.228206768288,1.0,1975-07-18,10.0,63.75,20.0,28.0,0.0,43.0,-0.017,179.9,30.0,4000.0,140.0,0.425,0.1,16.0,0.01,0.0091
281,0.482120035,0.3931155659,0.20068233533,0.225019625463,1.0,1975-07-18,10.0,63.75,20.0,28.0,0.0,43.0,-0.017,179.9,30.0,4000.0,200.0,0.425,0.1,16.0,0.01,0.0091
282,0.48190201,0.3928978986,0.197196796323,0.220947519732,1.0,1975-07-18,10.0,86.25,20.0,28.0,0.0,43.0,-0.017,179.9,30.0,4000.0,200.0,0.425,0.1,16.0,0.01,0.0091
283,0.4819018368,0.3928977218,0.192581782454,0.2169354302,1.0,1975-07-18,10.0,86.25,20.0,28.0,0.0,43.0,-0.017,125.93,30.0,4000.0,200.0,0.425,0.1,16.0,0.01,0.0091
284,0.4819018949,0.3928977723,0.194228468982,0.218347576615,1.0,1975-07-18,10.0,86.25,20.0,28.0,0.0,43.0,-0.017,125.93,30.0,4000.0,200.0,0.425,0.1,16.0,0.01,0.007
285,0.4826740737,0.3936698226,0.194210969381,0.218221187977,1.0,1975-07-18,10.0,86.25,20.0,28.0,0.0,43.0,-0.017,125.93,30.0,4000.0,200.0,0.425,0.1,16.0,0.007,0.007
286,0.4826924962,0.3936881885,0.194776225632,0.219641888433,1.0,1975-07-18,10.0,86.25,20.0,28.0,0.0,43.0,-0.017,125.93,30.0,4000.0,200.0,0.425,0.13,16.0,0.007,0.007
287,0.48288695,0.3938828775,0.196714529905,0.226837194411,1.0,1975-07-18,10.0,86.25,20.0,28.0,0.0,43.0,-0.017,125.93,30.0,4000.0,200.0,0.575,0.13,16.0,0.007,0.007
288,0.470310106,0.3938242849,0.198081276859,0.226268478712,1.0,1975-07-18,10.0,75.0,23.0,40.0,0.0,43.0,-0.02,206.885,34.5,4000.0,170.0,0.5,0.115,16.0,0.007,0.00805
289,0.4703098553,0.3938236978,0.200606731599,0.22894904173,1.0,1975-07-18,10.0,75.0,23.0,40.0,0.0,43.0,-0.02,206.885,34.5,4000.0,170.0,0.5,0.115,16.0,0.007,0.00595
290,0.4712758292,0.3947898081,0.201593620765,0.229949614589,1.0,1975-07-18,10.0,52.5,23.0,40.0,0.0,43.0,-0.02,206.885,34.5,4000.0,170.0,0.5,0.115,16.0,0.007,0.00595
291,0.4712758935,0.3947899313,0.202115249109,0.229966948303,1.0,1975-07-18,10.0,52.5,23.0,40.0,0.0,43.0,-0.02,206.885,25.5,4000.0,170.0,0.5,0.115,16.0,0.007,0.00595
292,0.4714875854,0.3950017125,0.203071762769,0.230945560882,1.0,1975-07-18,10.0,52.5,23.0,40.0,0.0,43.0,-0.014,206.885,25.5,4000.0,170.0,0.5,0.115,16.0,0.007,0.00595
293,0.4716253595,0.3951394862,0.202280115014,0.229339679779,1.0,1975-07-18,10.0,52.5,17.0,40.0,0.0,43.0,-0.014,206.885,25.5,4000.0,170.0,0.5,0.115,16.0,0.007,0.00595
294,0.4966639992,0.3951395929,0.191358800332,0.220119721875,1.0,1975-07-18,10.0,52.5,17.0,40.0,0.0,43.0,-0.014,206.885,25.5,4000.0,230.0,0.5,0.115,16.0,0.007,0.00595
295,0.4968775089,0.3953527916,0.191544940287,0.220410739706,1.0,1975-07-18,10.0,52.5,17.0,40.0,0.0,43.0,-0.014,206.885,25.5,4000.0,230.0,0.5,0.115,16.0,0.01,0.00595
296,0.4968730905,0.3953491273,0.191598636594,0.220309206859,1.0,1975-07-18,10.0,52.5,17.0,40.0,0.0,43.0,-0.014,206.885,25.5,4000.0,230.0,0.5,0.085,16.0,0.01,0.00595
297,0.496873249,0.3953492508,0.196562232621,0.22629063359,1.0,1975-07-18,10.0,52.5,17.0,40.0,0.0,43.0,-0.014,152.915,25.5,4000.0,230.0,0.5,0.085,16.0,0.01,0.00595
298,0.4971661291,0.395641991,0.191424556091,0.217992757533,1.0,1975-07-18,10.0,52.5,17.0,52.0,0.0,43.0,-0.014,152.915,25.5,4000.0,230.0,0.5,0.085,16.0,0.01,0.00595
299,0.4972431668,0.3957190287,0.189486103482,0.219301885949,1.0,1975-07-18,10.0,52.5,17.0,52.0,0.0,43.0,-0.014,152.915,25.5,4000.0,230.0,0.65,0.085,16.0,0.01,0.00595
300,0.4578493772,0.3938785357,0.211304048209,0.230783764227,1.0,1975-07-18,10.0,86.25,26.0,40.0,0.0,43.0,-0.023,179.9,21.0,4000.0,140.0,0.425,0.13,16.0,0.013,0.007
301,0.4578492309,0.3938783943,0.211520416404,0.231506855815,1.0,1975-07-18,10.0,86.25,26.0,40.0,0.0,43.0,-0.023,179.9,30.0,4000.0,140.0,0.425,0.13,16.0,0.013,0.007
302,0.4578342157,0.3938636129,0.211605449645,0.23099277813,1.0,1975-07-18,10.0,86.25,26.0,40.0,0.0,43.0,-0.023,179.9,30.0,4000.0,140.0,0.425,0.1,16.0,0.013,0.007
303,0.4576677128,0.39369711,0.212823155218,0.231541178048,1.0,1975-07-18,10.0,86.25,20.0,40.0,0.0,43.0,-0.023,179.9,30.0,4000.0,140.0,0.425,0.1,16.0,0.013,0.007
304,0.4577044217,0.3937334295,0.212736347663,0.231444995753,1.0,1975-07-18,10.0,86.25,20.0,40.0,0.0,43.0,-0.023,179.9,30.0,4000.0,140.0,0.425,0.1,16.0,0.01,0.007
305,0.4577043548,0.3937335178,0.211620059265,0.23075360161,1.0,1975-07-18,10.0,86.25,20.0,40.0,0.0,43.0,-0.023,179.9,30.0,4000.0,140.0,0.425,0.1,16.0,0.01,0.0091
306,0.4569206249,0.392949821,0.204438766094,0.223781171473,1.0,1975-07-18,10.0,86.25,20.0,28.0,0.0,43.0,-0.023,179.9,30.0,4000.0,140.0,0.425,0.1,16.0,0.01,0.0091
307,0.4570773941,0.3931066544,0.20810193431,0.232252156464,1.0,1975-07-18,10.0,86.25,20.0,28.0,0.0,43.0,-0.023,179.9,30.0,4000.0,140.0,0.575,0.1,16.0,0.01,0.0091
308,0.4570774056,0.3931066463,0.197502742484,0.222387499159,1.0,1975-07-18,10.0,86.25,20.0,28.0,0.0,43.0,-0.023,233.87,30.0,4000.0,140.0,0.575,0.1,16.0,0.01,0.0091
309,0.4573294305,0.3933586503,0.200481677686,0.226011727556,1.0,1975-07-18,10.0,63.75,20.0,28.0,0.0,43.0,-0.023,233.87,30.0,4000.0,140.0,0.575,0.1,16.0,0.01,0.0091
310,0.4823631624,0.3933590392,0.198090106695,0.229433966592,1.0,1975-07-18,10.0,63.75,20.0,28.0,0.0,43.0,-0.023,233.87,30.0,4000.0,200.0,0.575,0.1,16.0,0.01,0.0091
311,0.4824911679,0.3934866675,0.198146033622,0.229473208196,1.0,1975-07-18,10.0,63.75,20.0,28.0,0.0,43.0,-0.017,233.87,30.0,4000.0,200.0,0.575,0.1,16.0,0.01,0.0091
312,0.4832613566,0.3942570859,0.199352147839,0.228738974769,1.0,1975-07-18,10.0,63.75,14.0,34.0,0.0,43.0,-0.026,233.87,21.0,4000.0,200.0,0.575,0.115,16.0,0.01,0.007
313,0.4835667925,0.3945627092,0.197897769798,0.223707592116,1.0,1975-07-18,10.0,63.75,14.0,46.0,0.0,43.0,-0.026,233.87,21.0,4000.0,200.0,0.575,0.115,16.0,0.01,0.007
314,0.4835670487,0.3945629989,0.197912869715,0.223554155027,1.0,1975-07-18,10.0,63.75,14.0,46.0,0.0,43.0,-0.026,233.87,30.0,4000.0,200.0,0.575,0.115,16.0,0.01,0.007
315,0.4835699533,0.3945659899,0.198039418637,0.223899859375,1.0,1975-07-18,10.0,63.75,14.0,46.0,0.0,43.0,-0.026,233.87,30.0,4000.0,200.0,0.575,0.085,16.0,0.01,0.007
316,0.4835697467,0.3945658089,0.202501035724,0.227705667419,1.0,1975-07-18,10.0,63.75,14.0,46.0,0.0,43.0,-0.026,179.9,30.0,4000.0,200.0,0.575,0.085,16.0,0.01,0.007
317,0.4834846719,0.3944803612,0.204635600117,0.224422170113,1.0,1975-07-18,10.0,63.75,14.0,46.0,0.0,43.0,-0.026,179.9,30.0,4000.0,200.0,0.425,0.085,16.0,0.01,0.007
318,0.4836396797,0.394635369,0.204983389471,0.22697623037,1.0,1975-07-18,10.0,63.75,20.0,46.0,0.0,43.0,-0.026,179.9,30.0,4000.0,200.0,0.425,0.085,16.0,0.01,0.007
319,0.4835853701,0.3945812668,0.205289624709,0.227033801701,1.0,1975-07-18,10.0,63.75,20.0,46.0,0.0,43.0,-0.02,179.9,30.0,4000.0,200.0,0.425,0.085,16.0,0.01,0.007
320,0.458552263,0.3945815365,0.215457118535,0.233894681457,1.0,1975-07-18,10.0,63.75,20.0,46.0,0.0,43.0,-0.02,179.9,30.0,4000.0,140.0,0.425,0.085,16.0,0.01,0.007
321,0.4578332787,0.3938623112,0.214853795228,0.233210426123,1.0,1975-07-18,10.0,86.25,20.0,46.0,0.0,43.0,-0.02,179.9,30.0,4000.0,140.0,0.425,0.085,16.0,0.01,0.007
322,0.4578330399,0.3938622262,0.215445394458,0.233555603791,1.0,1975-07-18,10.0,86.25,20.0,46.0,0.0,43.0,-0.02,179.9,30.0,4000.0,140.0,0.425,0.085,16.0,0.01,0.0049
323,0.4584575227,0.3944868792,0.215198227956,0.233141360057,1.0,1975-07-18,10.0,86.25,20.0,46.0,0.0,43.0,-0.02,179.9,30.0,4000.0,140.0,0.425,0.085,16.0,0.013,0.0049
324,0.5080915604,0.3940466714,0.190285284645,0.226464561781,1.0,1975-07-18,10.0,63.75,20.0,34.0,0.0,43.0,-0.026,125.93,39.0,4000.0,260.0,0.65,0.1,16.0,0.0085,0.00595
325,0.5080914058,0.3940465729,0.192473494469,0.230882763127,1.0,1975-07-18,10.0,63.75,20.0,34.0,0.0,43.0,-0.026,179.9,39.0,4000.0,260.0,0.65,0.1,16.0,0.0085,0.00595
326,0.5080012299,0.3939561589,0.192160496565,0.230904472803,1.0,1975-07-18,10.0,63.75,20.0,34.0,0.0,43.0,-0.02,179.9,39.0,4000.0,260.0,0.65,0.1,16.0,0.0085,0.00595
327,0.5080458535,0.3940012394,0.192604345917,0.231505374639,1.0,1975-07-18,10.0,63.75,20.0,34.0,0.0,43.0,-0.02,179.9,39.0,4000.0,260.0,0.65,0.07,16.0,0.0085,0.00595
328,0.4830056788,0.3940013227,0.202563528361,0.23595955063,1.0,1975-07-18,10.0,63.75,20.0,34.0,0.0,43.0,-0.02,179.9,39.0,4000.0,200.0,0.65,0.07,16.0,0.0085,0.00595
329,0.4830054715,0.3940014927,0.202877913085,0.236495948007,1.0,1975-07-18,10.0,63.75,20.0,34.0,0.0,43.0,-0.02,179.9,39.0,4000.0,200.0,0.65,0.07,16.0,0.0085,0.00805
330,0.4827528022,0.3937485541,0.203443690182,0.231590456175,1.0,1975-07-18,10.0,63.75,20.0,34.0,0.0,43.0,-0.02,179.9,39.0,4000.0,200.0,0.5,0.07,16.0,0.0085,0.00805
331,0.4829342735,0.3939300254,0.202200202763,0.228740086818,1.0,1975-07-18,10.0,63.75,14.0,34.0,0.0,43.0,-0.02,179.9,39.0,4000.0,200.0,0.5,0.07,16.0,0.0085,0.00805
332,0.4829340331,0.39392983,0.203185093803,0.229583701222,1.0,1975-07-18,10.0,63.75,14.0,34.0,0.0,43.0,-0.02,179.9,30.0,4000.0,200.0,0.5,0.07,16.0,0.0085,0.00805
333,0.4841662494,0.3951620287,0.203675394857,0.226663743886,1.0,1975-07-18,10.0,63.75,14.0,46.0,0.0,43.0,-0.02,179.9,30.0,4000.0,200.0,0.5,0.07,16.0,0.0085,0.00805
334,0.4844327797,0.3954288549,0.203759587863,0.226547702778,1.0,1975-07-18,10.0,63.75,14.0,46.0,0.0,43.0,-0.02,179.9,30.0,4000.0,200.0,0.5,0.07,16.0,0.0115,0.00805
335,0.4835750147,0.3945710752,0.2033962982,0.228575128832,1.0,1975-07-18,10.0,86.25,14.0,46.0,0.0,43.0,-0.02,179.9,30.0,4000.0,200.0,0.5,0.07,16.0,0.0115,0.00805
336,0.4944533615,0.3929293788,0.197539328038,0.230873543099,1.0,1975-07-18,10.0,75.0,23.0,28.0,0.0,43.0,-0.026,179.9,21.0,4000.0,230.0,0.575,0.115,16.0,0.007,0.0049
337,0.4944533677,0.3929293858,0.198037184291,0.231169326832,1.0,1975-07-18,10.0,75.0,23.0,28.0,0.0,43.0,-0.026,179.9,30.0,4000.0,230.0,0.575,0.115,16.0,0.007,0.0049
338,0.4944527594,0.3929283038,0.197717595479,0.231747535405,1.0,1975-07-18,10.0,75.0,23.0,28.0,0.0,43.0,-0.026,179.9,30.0,4000.0,230.0,0.575,0.115,16.0,0.007,0.007
339,0.4694145409,0.3929284253,0.20604668433,0.233415908666,1.0,1975-07-18,10.0,75.0,23.0,28.0,0.0,43.0,-0.026,179.9,30.0,4000.0,170.0,0.575,0.115,16.0,0.007,0.007
340,0.4702712877,0.3937851284,0.20734880581,0.234843098841,1.0,1975-07-18,10.0,52.5,23.0,28.0,0.0,43.0,-0.026,179.9,30.0,4000.0,170.0,0.575,0.115,16.0,0.007,0.007
341,0.4702295034,0.393743585,0.207958972176,0.235568795385,1.0,1975-07-18,10.0,52.5,23.0,28.0,0.0,43.0,-0.02,179.9,30.0,4000.0,170.0,0.575,0.115,16.0,0.007,0.007
342,0.4704188772,0.3939329588,0.207614406816,0.235233223608,1.0,1975-07-18,10.0,52.5,17.0,28.0,0.0,43.0,-0.02,179.9,30.0,4000.0,170.0,0.575,0.115,16.0,0.007,0.007
343,0.470333007,0.393846895,0.207461121384,0.235116122148,1.0,1975-07-18,10.0,52.5,17.0,28.0,0.0,43.0,-0.02,179.9,30.0,4000.0,170.0,0.575,0.115,16.0,0.01,0.007
344,0.4703329703,0.3938468584,0.202627894168,0.231099995543,1.0,1975-07-18,10.0,52.5,17.0,28.0,0.0,43.0,-0.02,125.93,30.0,4000.0,170.0,0.575,0.115,16.0,0.01,0.007
345,0.4718210032,0.3953350506,0.201508721901,0.227518153867,1.0,1975-07-18,10.0,52.5,17.0,40.0,0.0,43.0,-0.02,125.93,30.0,4000.0,170.0,0.575,0.115,16.0,0.01,0.007
346,0.4718483771,0.3953622708,0.202205756639,0.228413184901,1.0,1975-07-18,10.0,52.5,17.0,40.0,0.0,43.0,-0.02,125.93,30.0,4000.0,170.0,0.575,0.085,16.0,0.01,0.007
347,0.4717699889,0.3952838735,0.205174549327,0.227998251423,1.0,1975-07-18,10.0,52.5,17.0,40.0,0.0,43.0,-0.02,125.93,30.0,4000.0,170.0,0.425,0.085,16.0,0.01,0.007
348,0.4570962159,0.3931256856,0.200041709874,0.217242225554,1.0,1975-07-18,10.0,97.5,14.0,34.0,0.0,43.0,-0.02,125.93,30.0,4000.0,140.0,0.35,0.085,16.0,0.01,0.0049
349,0.4570661172,0.3930954227,0.200777114716,0.218272258911,1.0,1975-07-18,10.0,97.5,14.0,34.0,0.0,43.0,-0.026,125.93,30.0,4000.0,140.0,0.35,0.085,16.0,0.01,0.0049
350,0.4820992699,0.3930952426,0.196276122036,0.215650910697,1.0,1975-07-18,10.0,97.5,14.0,34.0,0.0,43.0,-0.026,125.93,30.0,4000.0,200.0,0.35,0.085,16.0,0.01,0.0049
351,0.48209918,0.3930951564,0.20061414342,0.218653937163,1.0,1975-07-18,10.0,97.5,14.0,34.0,0.0,43.0,-0.026,179.9,30.0,4000.0,200.0,0.35,0.085,16.0,0.01,0.0049
352,0.482918372,0.3939141674,0.204236212635,0.221764876258,1.0,1975-07-18,10.0,97.5,14.0,46.0,0.0,43.0,-0.026,179.9,30.0,4000.0,200.0,0.35,0.085,16.0,0.01,0.0049
353,0.4834869644,0.3944827137,0.205200642451,0.222034833713,1.0,1975-07-18,10.0,75.0,14.0,46.0,0.0,43.0,-0.026,179.9,30.0,4000.0,200.0,0.35,0.085,16.0,0.01,0.0049
354,0.4834870056,0.3944827193,0.204506052175,0.220645689359,1.0,1975-07-18,10.0,75.0,14.0,46.0,0.0,43.0,-0.026,179.9,21.0,4000.0,200.0,0.35,0.085,16.0,0.01,0.0049
355,0.4835012214,0.3944970758,0.204277066734,0.221530392017,1.0,1975-07-18,10.0,75.0,14.0,46.0,0.0,43.0,-0.026,179.9,21.0,4000.0,200.0,0.35,0.115,16.0,0.01,0.0049
356,0.4837259391,0.3947216884,0.20344060254,0.226757935252,1.0,1975-07-18,10.0,75.0,14.0,46.0,0.0,43.0,-0.026,179.9,21.0,4000.0,200.0,0.5,0.115,16.0,0.01,0.0049
357,0.4836657784,0.3946616716,0.203487010454,0.226775501931,1.0,1975-07-18,10.0,75.0,14.0,46.0,0.0,43.0,-0.026,179.9,21.0,4000.0,200.0,0.5,0.115,16.0,0.013,0.0049
358,0.4836375529,0.3946334461,0.203454156125,0.227557641602,1.0,1975-07-18,10.0,75.0,20.0,46.0,0.0,43.0,-0.026,179.9,21.0,4000.0,200.0,0.5,0.115,16.0,0.013,0.0049
359,0.4836382426,0.3946340084,0.20323355175,0.22828631028,1.0,1975-07-18,10.0,75.0,20.0,46.0,0.0,43.0,-0.026,179.9,21.0,4000.0,200.0,0.5,0.115,16.0,0.013,0.007
